{
    "timestamp": "2026-01-16T07:32:44.856493",
    "data_source": "results/clean_train.csv",
    "preprocessing_applied": true,
    "test_size": 0.2,
    "val_size": 0.1,
    "models_count": 4,
    "models_trained": [
        "Random Forest Regressor",
        "Support Vector Machine",
        "Multi-Layer Perceptron",
        "Gaussian Process Regressor"
    ],
    "metrics_computed": [
        "RMSE",
        "MAE",
        "R2",
        "Training_Time",
        "Inference_Time"
    ],
    "best_model": "Random Forest Regressor",
    "best_model_metrics": {
        "RMSE": 0.05909358505429653,
        "MAE": 0.045270533179086914,
        "R2": 0.41670311451785735,
        "Training_Time": 1.5533781051635742,
        "Inference_Time": 0.03724837303161621
    },
    "all_models_results": {
        "Random Forest Regressor": {
            "RMSE": 0.05909358505429653,
            "MAE": 0.045270533179086914,
            "R2": 0.41670311451785735,
            "Training_Time": 1.5533781051635742,
            "Inference_Time": 0.03724837303161621
        },
        "Support Vector Machine": {
            "RMSE": 0.07065989319373715,
            "MAE": 0.055950594603775744,
            "R2": 0.1660213472383506,
            "Training_Time": 0.20751309394836426,
            "Inference_Time": 0.06918978691101074
        },
        "Multi-Layer Perceptron": {
            "RMSE": 0.07349055789917908,
            "MAE": 0.0580472299161527,
            "R2": 0.09786388422368075,
            "Training_Time": 1.043212890625,
            "Inference_Time": 0.001992940902709961
        },
        "Gaussian Process Regressor": {
            "RMSE": 0.06837405529739238,
            "MAE": 0.05326124273285271,
            "R2": 0.21910676825893305,
            "Training_Time": 499.9624812602997,
            "Inference_Time": 0.4891316890716553
        }
    }
}